{
  "GET Posts" : {
    "transaction" : "GET Posts",
    "sampleCount" : 10,
    "errorCount" : 0,
    "errorPct" : 0.0,
    "meanResTime" : 415.09999999999997,
    "medianResTime" : 336.0,
    "minResTime" : 310.0,
    "maxResTime" : 920.0,
    "pct1ResTime" : 881.1000000000001,
    "pct2ResTime" : 920.0,
    "pct3ResTime" : 920.0,
    "throughput" : 2.1253985122210413,
    "receivedKBytesPerSec" : 59.637976554197664,
    "sentKBytesPerSec" : 0.27190156748140276
  },
  "Total" : {
    "transaction" : "Total",
    "sampleCount" : 10,
    "errorCount" : 0,
    "errorPct" : 0.0,
    "meanResTime" : 415.09999999999997,
    "medianResTime" : 336.0,
    "minResTime" : 310.0,
    "maxResTime" : 920.0,
    "pct1ResTime" : 881.1000000000001,
    "pct2ResTime" : 920.0,
    "pct3ResTime" : 920.0,
    "throughput" : 2.1253985122210413,
    "receivedKBytesPerSec" : 59.637976554197664,
    "sentKBytesPerSec" : 0.27190156748140276
  }
}